<?xml version="1.0" encoding="UTF-8"?>
<GenRun Id="synth_1" LaunchPart="xczu3eg-sbva484-1-e" LaunchTime="1652234001">
  <File Type="PA-TCL" Name="Zynq_Design_wrapper.tcl"/>
  <File Type="REPORTS-TCL" Name="Zynq_Design_wrapper_reports.tcl"/>
  <File Type="RDS-RDS" Name="Zynq_Design_wrapper.vds"/>
  <File Type="RDS-UTIL" Name="Zynq_Design_wrapper_utilization_synth.rpt"/>
  <File Type="RDS-UTIL-PB" Name="Zynq_Design_wrapper_utilization_synth.pb"/>
  <File Type="RDS-DCP" Name="Zynq_Design_wrapper.dcp"/>
  <FileSet Name="sources" Type="DesignSrcs" RelSrcDir="$PSRCDIR/sources_1">
    <Filter Type="Srcs"/>
    <File Path="$PSRCDIR/sources_1/bd/Zynq_Design/Zynq_Design.bd">
      <FileInfo>
        <Attr Name="ImportPath" Val="$PPRDIR/../../../../../../../hls_gemm_vivado_clrC_big2/hls_gemm_vivado_clrC_big2.srcs/sources_1/bd/Zynq_Design/Zynq_Design.bd"/>
        <Attr Name="ImportTime" Val="1639239701"/>
        <Attr Name="UsedIn" Val="synthesis"/>
        <Attr Name="UsedIn" Val="implementation"/>
        <Attr Name="UsedIn" Val="simulation"/>
      </FileInfo>
    </File>
    <File Path="$PSRCDIR/sources_1/bd/Zynq_Design/hdl/Zynq_Design_wrapper.v">
      <FileInfo>
        <Attr Name="ImportPath" Val="$PPRDIR/../../../../../../../hls_gemm_vivado_clrC_big2/hls_gemm_vivado_clrC_big2.srcs/sources_1/bd/Zynq_Design/hdl/Zynq_Design_wrapper.v"/>
        <Attr Name="ImportTime" Val="1639239702"/>
        <Attr Name="UsedIn" Val="synthesis"/>
        <Attr Name="UsedIn" Val="implementation"/>
        <Attr Name="UsedIn" Val="simulation"/>
      </FileInfo>
    </File>
    <File Path="$PSRCDIR/sources_1/imports/hls_gemm_vivado_clrC_big2/archive_project_summary.txt">
      <FileInfo>
        <Attr Name="ImportPath" Val="$PPRDIR/../../../../../hls_mixcol_gemmtemplate/hls_gemm_vivado_clrC_big2/archive_project_summary.txt"/>
        <Attr Name="ImportTime" Val="1651259601"/>
      </FileInfo>
    </File>
    <File Path="$PSRCDIR/sources_1/imports/hls_gemm_vivado_clrC_big2_nodma/archive_project_summary.txt">
      <FileInfo>
        <Attr Name="ImportPath" Val="$PPRDIR/../../hls_gemm_vivado_clrC_big2_nodma/archive_project_summary.txt"/>
        <Attr Name="ImportTime" Val="1651976431"/>
      </FileInfo>
    </File>
    <Config>
      <Option Name="DesignMode" Val="RTL"/>
      <Option Name="TopModule" Val="Zynq_Design_wrapper"/>
      <Option Name="TopAutoSet" Val="TRUE"/>
    </Config>
  </FileSet>
  <FileSet Name="constrs_in" Type="Constrs" RelSrcDir="$PSRCDIR/constrs_1">
    <Filter Type="Constrs"/>
    <Config>
      <Option Name="ConstrsType" Val="XDC"/>
    </Config>
  </FileSet>
  <FileSet Name="utils" Type="Utils" RelSrcDir="$PSRCDIR/utils_1">
    <Filter Type="Utils"/>
    <Config>
      <Option Name="TopAutoSet" Val="TRUE"/>
    </Config>
  </FileSet>
  <Strategy Version="1" Minor="2">
    <StratHandle Name="Vivado Synthesis Defaults" Flow="Vivado Synthesis 2018"/>
    <Step Id="synth_design"/>
  </Strategy>
  <BlockFileSet Type="BlockSrcs" Name="Zynq_Design_zynq_ultra_ps_e_0_0"/>
  <BlockFileSet Type="BlockSrcs" Name="Zynq_Design_rst_ps8_0_100M_0"/>
  <BlockFileSet Type="BlockSrcs" Name="Zynq_Design_aes_mix_columns_1_0"/>
  <BlockFileSet Type="BlockSrcs" Name="Zynq_Design_xbar_0"/>
  <BlockFileSet Type="BlockSrcs" Name="Zynq_Design_auto_pc_0"/>
  <BlockFileSet Type="BlockSrcs" Name="Zynq_Design_auto_ds_0"/>
  <BlockFileSet Type="BlockSrcs" Name="Zynq_Design_aes_mix_columns_3_0"/>
  <BlockFileSet Type="BlockSrcs" Name="Zynq_Design_aes_mix_columns_2_0"/>
  <BlockFileSet Type="BlockSrcs" Name="Zynq_Design_auto_ds_1"/>
  <BlockFileSet Type="BlockSrcs" Name="Zynq_Design_aes_mix_columns_0_0"/>
  <BlockFileSet Type="BlockSrcs" Name="Zynq_Design_auto_pc_1"/>
</GenRun>
