<?xml version="1.0" encoding="UTF-8"?>
<spirit:component xmlns:xilinx="http://www.xilinx.com" xmlns:spirit="http://www.spiritconsortium.org/XMLSchema/SPIRIT/1685-2009" xmlns:xsi="http://www.w3.org/2001/XMLSchema-instance">
  <spirit:vendor>xilinx.com</spirit:vendor>
  <spirit:library>user</spirit:library>
  <spirit:name>aes_mix_columns</spirit:name>
  <spirit:version>1.0</spirit:version>
  <spirit:busInterfaces>
    <spirit:busInterface>
      <spirit:name>S00_AXI</spirit:name>
      <spirit:busType spirit:vendor="xilinx.com" spirit:library="interface" spirit:name="aximm" spirit:version="1.0"/>
      <spirit:abstractionType spirit:vendor="xilinx.com" spirit:library="interface" spirit:name="aximm_rtl" spirit:version="1.0"/>
      <spirit:slave>
        <spirit:memoryMapRef spirit:memoryMapRef="S00_AXI"/>
      </spirit:slave>
      <spirit:portMaps>
        <spirit:portMap>
          <spirit:logicalPort>
            <spirit:name>AWADDR</spirit:name>
          </spirit:logicalPort>
          <spirit:physicalPort>
            <spirit:name>s00_axi_awaddr</spirit:name>
          </spirit:physicalPort>
        </spirit:portMap>
        <spirit:portMap>
          <spirit:logicalPort>
            <spirit:name>AWPROT</spirit:name>
          </spirit:logicalPort>
          <spirit:physicalPort>
            <spirit:name>s00_axi_awprot</spirit:name>
          </spirit:physicalPort>
        </spirit:portMap>
        <spirit:portMap>
          <spirit:logicalPort>
            <spirit:name>AWVALID</spirit:name>
          </spirit:logicalPort>
          <spirit:physicalPort>
            <spirit:name>s00_axi_awvalid</spirit:name>
          </spirit:physicalPort>
        </spirit:portMap>
        <spirit:portMap>
          <spirit:logicalPort>
            <spirit:name>AWREADY</spirit:name>
          </spirit:logicalPort>
          <spirit:physicalPort>
            <spirit:name>s00_axi_awready</spirit:name>
          </spirit:physicalPort>
        </spirit:portMap>
        <spirit:portMap>
          <spirit:logicalPort>
            <spirit:name>WDATA</spirit:name>
          </spirit:logicalPort>
          <spirit:physicalPort>
            <spirit:name>s00_axi_wdata</spirit:name>
          </spirit:physicalPort>
        </spirit:portMap>
        <spirit:portMap>
          <spirit:logicalPort>
            <spirit:name>WSTRB</spirit:name>
          </spirit:logicalPort>
          <spirit:physicalPort>
            <spirit:name>s00_axi_wstrb</spirit:name>
          </spirit:physicalPort>
        </spirit:portMap>
        <spirit:portMap>
          <spirit:logicalPort>
            <spirit:name>WVALID</spirit:name>
          </spirit:logicalPort>
          <spirit:physicalPort>
            <spirit:name>s00_axi_wvalid</spirit:name>
          </spirit:physicalPort>
        </spirit:portMap>
        <spirit:portMap>
          <spirit:logicalPort>
            <spirit:name>WREADY</spirit:name>
          </spirit:logicalPort>
          <spirit:physicalPort>
            <spirit:name>s00_axi_wready</spirit:name>
          </spirit:physicalPort>
        </spirit:portMap>
        <spirit:portMap>
          <spirit:logicalPort>
            <spirit:name>BRESP</spirit:name>
          </spirit:logicalPort>
          <spirit:physicalPort>
            <spirit:name>s00_axi_bresp</spirit:name>
          </spirit:physicalPort>
        </spirit:portMap>
        <spirit:portMap>
          <spirit:logicalPort>
            <spirit:name>BVALID</spirit:name>
          </spirit:logicalPort>
          <spirit:physicalPort>
            <spirit:name>s00_axi_bvalid</spirit:name>
          </spirit:physicalPort>
        </spirit:portMap>
        <spirit:portMap>
          <spirit:logicalPort>
            <spirit:name>BREADY</spirit:name>
          </spirit:logicalPort>
          <spirit:physicalPort>
            <spirit:name>s00_axi_bready</spirit:name>
          </spirit:physicalPort>
        </spirit:portMap>
        <spirit:portMap>
          <spirit:logicalPort>
            <spirit:name>ARADDR</spirit:name>
          </spirit:logicalPort>
          <spirit:physicalPort>
            <spirit:name>s00_axi_araddr</spirit:name>
          </spirit:physicalPort>
        </spirit:portMap>
        <spirit:portMap>
          <spirit:logicalPort>
            <spirit:name>ARPROT</spirit:name>
          </spirit:logicalPort>
          <spirit:physicalPort>
            <spirit:name>s00_axi_arprot</spirit:name>
          </spirit:physicalPort>
        </spirit:portMap>
        <spirit:portMap>
          <spirit:logicalPort>
            <spirit:name>ARVALID</spirit:name>
          </spirit:logicalPort>
          <spirit:physicalPort>
            <spirit:name>s00_axi_arvalid</spirit:name>
          </spirit:physicalPort>
        </spirit:portMap>
        <spirit:portMap>
          <spirit:logicalPort>
            <spirit:name>ARREADY</spirit:name>
          </spirit:logicalPort>
          <spirit:physicalPort>
            <spirit:name>s00_axi_arready</spirit:name>
          </spirit:physicalPort>
        </spirit:portMap>
        <spirit:portMap>
          <spirit:logicalPort>
            <spirit:name>RDATA</spirit:name>
          </spirit:logicalPort>
          <spirit:physicalPort>
            <spirit:name>s00_axi_rdata</spirit:name>
          </spirit:physicalPort>
        </spirit:portMap>
        <spirit:portMap>
          <spirit:logicalPort>
            <spirit:name>RRESP</spirit:name>
          </spirit:logicalPort>
          <spirit:physicalPort>
            <spirit:name>s00_axi_rresp</spirit:name>
          </spirit:physicalPort>
        </spirit:portMap>
        <spirit:portMap>
          <spirit:logicalPort>
            <spirit:name>RVALID</spirit:name>
          </spirit:logicalPort>
          <spirit:physicalPort>
            <spirit:name>s00_axi_rvalid</spirit:name>
          </spirit:physicalPort>
        </spirit:portMap>
        <spirit:portMap>
          <spirit:logicalPort>
            <spirit:name>RREADY</spirit:name>
          </spirit:logicalPort>
          <spirit:physicalPort>
            <spirit:name>s00_axi_rready</spirit:name>
          </spirit:physicalPort>
        </spirit:portMap>
      </spirit:portMaps>
      <spirit:parameters>
        <spirit:parameter>
          <spirit:name>WIZ_DATA_WIDTH</spirit:name>
          <spirit:value spirit:format="long" spirit:id="BUSIFPARAM_VALUE.S00_AXI.WIZ_DATA_WIDTH" spirit:choiceRef="choice_list_6fc15197">32</spirit:value>
        </spirit:parameter>
        <spirit:parameter>
          <spirit:name>WIZ_NUM_REG</spirit:name>
          <spirit:value spirit:format="long" spirit:id="BUSIFPARAM_VALUE.S00_AXI.WIZ_NUM_REG" spirit:minimum="4" spirit:maximum="512" spirit:rangeType="long">9</spirit:value>
        </spirit:parameter>
        <spirit:parameter>
          <spirit:name>SUPPORTS_NARROW_BURST</spirit:name>
          <spirit:value spirit:format="long" spirit:id="BUSIFPARAM_VALUE.S00_AXI.SUPPORTS_NARROW_BURST" spirit:choiceRef="choice_pairs_ce1226b1">0</spirit:value>
        </spirit:parameter>
      </spirit:parameters>
    </spirit:busInterface>
    <spirit:busInterface>
      <spirit:name>S00_AXI_RST</spirit:name>
      <spirit:busType spirit:vendor="xilinx.com" spirit:library="signal" spirit:name="reset" spirit:version="1.0"/>
      <spirit:abstractionType spirit:vendor="xilinx.com" spirit:library="signal" spirit:name="reset_rtl" spirit:version="1.0"/>
      <spirit:slave/>
      <spirit:portMaps>
        <spirit:portMap>
          <spirit:logicalPort>
            <spirit:name>RST</spirit:name>
          </spirit:logicalPort>
          <spirit:physicalPort>
            <spirit:name>s00_axi_aresetn</spirit:name>
          </spirit:physicalPort>
        </spirit:portMap>
      </spirit:portMaps>
      <spirit:parameters>
        <spirit:parameter>
          <spirit:name>POLARITY</spirit:name>
          <spirit:value spirit:id="BUSIFPARAM_VALUE.S00_AXI_RST.POLARITY" spirit:choiceRef="choice_list_9d8b0d81">ACTIVE_LOW</spirit:value>
        </spirit:parameter>
      </spirit:parameters>
    </spirit:busInterface>
    <spirit:busInterface>
      <spirit:name>S00_AXI_CLK</spirit:name>
      <spirit:busType spirit:vendor="xilinx.com" spirit:library="signal" spirit:name="clock" spirit:version="1.0"/>
      <spirit:abstractionType spirit:vendor="xilinx.com" spirit:library="signal" spirit:name="clock_rtl" spirit:version="1.0"/>
      <spirit:slave/>
      <spirit:portMaps>
        <spirit:portMap>
          <spirit:logicalPort>
            <spirit:name>CLK</spirit:name>
          </spirit:logicalPort>
          <spirit:physicalPort>
            <spirit:name>s00_axi_aclk</spirit:name>
          </spirit:physicalPort>
        </spirit:portMap>
      </spirit:portMaps>
      <spirit:parameters>
        <spirit:parameter>
          <spirit:name>ASSOCIATED_BUSIF</spirit:name>
          <spirit:value spirit:id="BUSIFPARAM_VALUE.S00_AXI_CLK.ASSOCIATED_BUSIF">S00_AXI</spirit:value>
        </spirit:parameter>
        <spirit:parameter>
          <spirit:name>ASSOCIATED_RESET</spirit:name>
          <spirit:value spirit:id="BUSIFPARAM_VALUE.S00_AXI_CLK.ASSOCIATED_RESET">s00_axi_aresetn</spirit:value>
        </spirit:parameter>
      </spirit:parameters>
    </spirit:busInterface>
    <spirit:busInterface>
      <spirit:name>interrupt_done</spirit:name>
      <spirit:busType spirit:vendor="xilinx.com" spirit:library="signal" spirit:name="interrupt" spirit:version="1.0"/>
      <spirit:abstractionType spirit:vendor="xilinx.com" spirit:library="signal" spirit:name="interrupt_rtl" spirit:version="1.0"/>
      <spirit:master/>
      <spirit:portMaps>
        <spirit:portMap>
          <spirit:logicalPort>
            <spirit:name>INTERRUPT</spirit:name>
          </spirit:logicalPort>
          <spirit:physicalPort>
            <spirit:name>interrupt_done</spirit:name>
          </spirit:physicalPort>
        </spirit:portMap>
      </spirit:portMaps>
      <spirit:parameters>
        <spirit:parameter>
          <spirit:name>SENSITIVITY</spirit:name>
          <spirit:value spirit:id="BUSIFPARAM_VALUE.INTERRUPT_DONE.SENSITIVITY" spirit:choiceRef="choice_list_99a1d2b9">LEVEL_HIGH</spirit:value>
        </spirit:parameter>
      </spirit:parameters>
    </spirit:busInterface>
  </spirit:busInterfaces>
  <spirit:memoryMaps>
    <spirit:memoryMap>
      <spirit:name>S00_AXI</spirit:name>
      <spirit:addressBlock>
        <spirit:name>S00_AXI_reg</spirit:name>
        <spirit:baseAddress spirit:format="long" spirit:resolve="user">0</spirit:baseAddress>
        <spirit:range spirit:format="long">4096</spirit:range>
        <spirit:width spirit:format="long">32</spirit:width>
        <spirit:usage>register</spirit:usage>
        <spirit:parameters>
          <spirit:parameter>
            <spirit:name>OFFSET_BASE_PARAM</spirit:name>
            <spirit:value spirit:id="ADDRBLOCKPARAM_VALUE.S00_AXI.S00_AXI_REG.OFFSET_BASE_PARAM">C_S00_AXI_BASEADDR</spirit:value>
          </spirit:parameter>
          <spirit:parameter>
            <spirit:name>OFFSET_HIGH_PARAM</spirit:name>
            <spirit:value spirit:id="ADDRBLOCKPARAM_VALUE.S00_AXI.S00_AXI_REG.OFFSET_HIGH_PARAM">C_S00_AXI_HIGHADDR</spirit:value>
          </spirit:parameter>
        </spirit:parameters>
      </spirit:addressBlock>
    </spirit:memoryMap>
  </spirit:memoryMaps>
  <spirit:model>
    <spirit:views>
      <spirit:view>
        <spirit:name>xilinx_verilogsynthesis</spirit:name>
        <spirit:displayName>Verilog Synthesis</spirit:displayName>
        <spirit:envIdentifier>verilogSource:vivado.xilinx.com:synthesis</spirit:envIdentifier>
        <spirit:language>verilog</spirit:language>
        <spirit:modelName>aes_mix_columns_v1_0</spirit:modelName>
        <spirit:fileSetRef>
          <spirit:localName>xilinx_verilogsynthesis_view_fileset</spirit:localName>
        </spirit:fileSetRef>
        <spirit:parameters>
          <spirit:parameter>
            <spirit:name>viewChecksum</spirit:name>
            <spirit:value>03c0f2b5</spirit:value>
          </spirit:parameter>
        </spirit:parameters>
      </spirit:view>
      <spirit:view>
        <spirit:name>xilinx_verilogbehavioralsimulation</spirit:name>
        <spirit:displayName>Verilog Simulation</spirit:displayName>
        <spirit:envIdentifier>verilogSource:vivado.xilinx.com:simulation</spirit:envIdentifier>
        <spirit:language>verilog</spirit:language>
        <spirit:modelName>aes_mix_columns_v1_0</spirit:modelName>
        <spirit:fileSetRef>
          <spirit:localName>xilinx_verilogbehavioralsimulation_view_fileset</spirit:localName>
        </spirit:fileSetRef>
        <spirit:parameters>
          <spirit:parameter>
            <spirit:name>viewChecksum</spirit:name>
            <spirit:value>03c0f2b5</spirit:value>
          </spirit:parameter>
        </spirit:parameters>
      </spirit:view>
      <spirit:view>
        <spirit:name>xilinx_softwaredriver</spirit:name>
        <spirit:displayName>Software Driver</spirit:displayName>
        <spirit:envIdentifier>:vivado.xilinx.com:sw.driver</spirit:envIdentifier>
        <spirit:fileSetRef>
          <spirit:localName>xilinx_softwaredriver_view_fileset</spirit:localName>
        </spirit:fileSetRef>
        <spirit:parameters>
          <spirit:parameter>
            <spirit:name>viewChecksum</spirit:name>
            <spirit:value>47176e1e</spirit:value>
          </spirit:parameter>
        </spirit:parameters>
      </spirit:view>
      <spirit:view>
        <spirit:name>xilinx_xpgui</spirit:name>
        <spirit:displayName>UI Layout</spirit:displayName>
        <spirit:envIdentifier>:vivado.xilinx.com:xgui.ui</spirit:envIdentifier>
        <spirit:fileSetRef>
          <spirit:localName>xilinx_xpgui_view_fileset</spirit:localName>
        </spirit:fileSetRef>
        <spirit:parameters>
          <spirit:parameter>
            <spirit:name>viewChecksum</spirit:name>
            <spirit:value>dda4df14</spirit:value>
          </spirit:parameter>
        </spirit:parameters>
      </spirit:view>
      <spirit:view>
        <spirit:name>bd_tcl</spirit:name>
        <spirit:displayName>Block Diagram</spirit:displayName>
        <spirit:envIdentifier>:vivado.xilinx.com:block.diagram</spirit:envIdentifier>
        <spirit:fileSetRef>
          <spirit:localName>bd_tcl_view_fileset</spirit:localName>
        </spirit:fileSetRef>
        <spirit:parameters>
          <spirit:parameter>
            <spirit:name>viewChecksum</spirit:name>
            <spirit:value>16328387</spirit:value>
          </spirit:parameter>
        </spirit:parameters>
      </spirit:view>
    </spirit:views>
    <spirit:ports>
      <spirit:port>
        <spirit:name>interrupt_done</spirit:name>
        <spirit:wire>
          <spirit:direction>out</spirit:direction>
          <spirit:wireTypeDefs>
            <spirit:wireTypeDef>
              <spirit:typeName>wire</spirit:typeName>
              <spirit:viewNameRef>xilinx_verilogsynthesis</spirit:viewNameRef>
              <spirit:viewNameRef>xilinx_verilogbehavioralsimulation</spirit:viewNameRef>
            </spirit:wireTypeDef>
          </spirit:wireTypeDefs>
        </spirit:wire>
      </spirit:port>
      <spirit:port>
        <spirit:name>s00_axi_awaddr</spirit:name>
        <spirit:wire>
          <spirit:direction>in</spirit:direction>
          <spirit:vector>
            <spirit:left spirit:format="long" spirit:resolve="dependent" spirit:dependency="(spirit:decode(id(&apos;MODELPARAM_VALUE.C_S00_AXI_ADDR_WIDTH&apos;)) - 1)">5</spirit:left>
            <spirit:right spirit:format="long">0</spirit:right>
          </spirit:vector>
          <spirit:wireTypeDefs>
            <spirit:wireTypeDef>
              <spirit:typeName>wire</spirit:typeName>
              <spirit:viewNameRef>xilinx_verilogsynthesis</spirit:viewNameRef>
              <spirit:viewNameRef>xilinx_verilogbehavioralsimulation</spirit:viewNameRef>
            </spirit:wireTypeDef>
          </spirit:wireTypeDefs>
        </spirit:wire>
      </spirit:port>
      <spirit:port>
        <spirit:name>s00_axi_awprot</spirit:name>
        <spirit:wire>
          <spirit:direction>in</spirit:direction>
          <spirit:vector>
            <spirit:left spirit:format="long">2</spirit:left>
            <spirit:right spirit:format="long">0</spirit:right>
          </spirit:vector>
          <spirit:wireTypeDefs>
            <spirit:wireTypeDef>
              <spirit:typeName>wire</spirit:typeName>
              <spirit:viewNameRef>xilinx_verilogsynthesis</spirit:viewNameRef>
              <spirit:viewNameRef>xilinx_verilogbehavioralsimulation</spirit:viewNameRef>
            </spirit:wireTypeDef>
          </spirit:wireTypeDefs>
        </spirit:wire>
      </spirit:port>
      <spirit:port>
        <spirit:name>s00_axi_awvalid</spirit:name>
        <spirit:wire>
          <spirit:direction>in</spirit:direction>
          <spirit:wireTypeDefs>
            <spirit:wireTypeDef>
              <spirit:typeName>wire</spirit:typeName>
              <spirit:viewNameRef>xilinx_verilogsynthesis</spirit:viewNameRef>
              <spirit:viewNameRef>xilinx_verilogbehavioralsimulation</spirit:viewNameRef>
            </spirit:wireTypeDef>
          </spirit:wireTypeDefs>
        </spirit:wire>
      </spirit:port>
      <spirit:port>
        <spirit:name>s00_axi_awready</spirit:name>
        <spirit:wire>
          <spirit:direction>out</spirit:direction>
          <spirit:wireTypeDefs>
            <spirit:wireTypeDef>
              <spirit:typeName>wire</spirit:typeName>
              <spirit:viewNameRef>xilinx_verilogsynthesis</spirit:viewNameRef>
              <spirit:viewNameRef>xilinx_verilogbehavioralsimulation</spirit:viewNameRef>
            </spirit:wireTypeDef>
          </spirit:wireTypeDefs>
        </spirit:wire>
      </spirit:port>
      <spirit:port>
        <spirit:name>s00_axi_wdata</spirit:name>
        <spirit:wire>
          <spirit:direction>in</spirit:direction>
          <spirit:vector>
            <spirit:left spirit:format="long" spirit:resolve="dependent" spirit:dependency="(spirit:decode(id(&apos;MODELPARAM_VALUE.C_S00_AXI_DATA_WIDTH&apos;)) - 1)">31</spirit:left>
            <spirit:right spirit:format="long">0</spirit:right>
          </spirit:vector>
          <spirit:wireTypeDefs>
            <spirit:wireTypeDef>
              <spirit:typeName>wire</spirit:typeName>
              <spirit:viewNameRef>xilinx_verilogsynthesis</spirit:viewNameRef>
              <spirit:viewNameRef>xilinx_verilogbehavioralsimulation</spirit:viewNameRef>
            </spirit:wireTypeDef>
          </spirit:wireTypeDefs>
        </spirit:wire>
      </spirit:port>
      <spirit:port>
        <spirit:name>s00_axi_wstrb</spirit:name>
        <spirit:wire>
          <spirit:direction>in</spirit:direction>
          <spirit:vector>
            <spirit:left spirit:format="long" spirit:resolve="dependent" spirit:dependency="((spirit:decode(id(&apos;MODELPARAM_VALUE.C_S00_AXI_DATA_WIDTH&apos;)) / 8) - 1)">3</spirit:left>
            <spirit:right spirit:format="long">0</spirit:right>
          </spirit:vector>
          <spirit:wireTypeDefs>
            <spirit:wireTypeDef>
              <spirit:typeName>wire</spirit:typeName>
              <spirit:viewNameRef>xilinx_verilogsynthesis</spirit:viewNameRef>
              <spirit:viewNameRef>xilinx_verilogbehavioralsimulation</spirit:viewNameRef>
            </spirit:wireTypeDef>
          </spirit:wireTypeDefs>
        </spirit:wire>
      </spirit:port>
      <spirit:port>
        <spirit:name>s00_axi_wvalid</spirit:name>
        <spirit:wire>
          <spirit:direction>in</spirit:direction>
          <spirit:wireTypeDefs>
            <spirit:wireTypeDef>
              <spirit:typeName>wire</spirit:typeName>
              <spirit:viewNameRef>xilinx_verilogsynthesis</spirit:viewNameRef>
              <spirit:viewNameRef>xilinx_verilogbehavioralsimulation</spirit:viewNameRef>
            </spirit:wireTypeDef>
          </spirit:wireTypeDefs>
        </spirit:wire>
      </spirit:port>
      <spirit:port>
        <spirit:name>s00_axi_wready</spirit:name>
        <spirit:wire>
          <spirit:direction>out</spirit:direction>
          <spirit:wireTypeDefs>
            <spirit:wireTypeDef>
              <spirit:typeName>wire</spirit:typeName>
              <spirit:viewNameRef>xilinx_verilogsynthesis</spirit:viewNameRef>
              <spirit:viewNameRef>xilinx_verilogbehavioralsimulation</spirit:viewNameRef>
            </spirit:wireTypeDef>
          </spirit:wireTypeDefs>
        </spirit:wire>
      </spirit:port>
      <spirit:port>
        <spirit:name>s00_axi_bresp</spirit:name>
        <spirit:wire>
          <spirit:direction>out</spirit:direction>
          <spirit:vector>
            <spirit:left spirit:format="long">1</spirit:left>
            <spirit:right spirit:format="long">0</spirit:right>
          </spirit:vector>
          <spirit:wireTypeDefs>
            <spirit:wireTypeDef>
              <spirit:typeName>wire</spirit:typeName>
              <spirit:viewNameRef>xilinx_verilogsynthesis</spirit:viewNameRef>
              <spirit:viewNameRef>xilinx_verilogbehavioralsimulation</spirit:viewNameRef>
            </spirit:wireTypeDef>
          </spirit:wireTypeDefs>
        </spirit:wire>
      </spirit:port>
      <spirit:port>
        <spirit:name>s00_axi_bvalid</spirit:name>
        <spirit:wire>
          <spirit:direction>out</spirit:direction>
          <spirit:wireTypeDefs>
            <spirit:wireTypeDef>
              <spirit:typeName>wire</spirit:typeName>
              <spirit:viewNameRef>xilinx_verilogsynthesis</spirit:viewNameRef>
              <spirit:viewNameRef>xilinx_verilogbehavioralsimulation</spirit:viewNameRef>
            </spirit:wireTypeDef>
          </spirit:wireTypeDefs>
        </spirit:wire>
      </spirit:port>
      <spirit:port>
        <spirit:name>s00_axi_bready</spirit:name>
        <spirit:wire>
          <spirit:direction>in</spirit:direction>
          <spirit:wireTypeDefs>
            <spirit:wireTypeDef>
              <spirit:typeName>wire</spirit:typeName>
              <spirit:viewNameRef>xilinx_verilogsynthesis</spirit:viewNameRef>
              <spirit:viewNameRef>xilinx_verilogbehavioralsimulation</spirit:viewNameRef>
            </spirit:wireTypeDef>
          </spirit:wireTypeDefs>
        </spirit:wire>
      </spirit:port>
      <spirit:port>
        <spirit:name>s00_axi_araddr</spirit:name>
        <spirit:wire>
          <spirit:direction>in</spirit:direction>
          <spirit:vector>
            <spirit:left spirit:format="long" spirit:resolve="dependent" spirit:dependency="(spirit:decode(id(&apos;MODELPARAM_VALUE.C_S00_AXI_ADDR_WIDTH&apos;)) - 1)">5</spirit:left>
            <spirit:right spirit:format="long">0</spirit:right>
          </spirit:vector>
          <spirit:wireTypeDefs>
            <spirit:wireTypeDef>
              <spirit:typeName>wire</spirit:typeName>
              <spirit:viewNameRef>xilinx_verilogsynthesis</spirit:viewNameRef>
              <spirit:viewNameRef>xilinx_verilogbehavioralsimulation</spirit:viewNameRef>
            </spirit:wireTypeDef>
          </spirit:wireTypeDefs>
        </spirit:wire>
      </spirit:port>
      <spirit:port>
        <spirit:name>s00_axi_arprot</spirit:name>
        <spirit:wire>
          <spirit:direction>in</spirit:direction>
          <spirit:vector>
            <spirit:left spirit:format="long">2</spirit:left>
            <spirit:right spirit:format="long">0</spirit:right>
          </spirit:vector>
          <spirit:wireTypeDefs>
            <spirit:wireTypeDef>
              <spirit:typeName>wire</spirit:typeName>
              <spirit:viewNameRef>xilinx_verilogsynthesis</spirit:viewNameRef>
              <spirit:viewNameRef>xilinx_verilogbehavioralsimulation</spirit:viewNameRef>
            </spirit:wireTypeDef>
          </spirit:wireTypeDefs>
        </spirit:wire>
      </spirit:port>
      <spirit:port>
        <spirit:name>s00_axi_arvalid</spirit:name>
        <spirit:wire>
          <spirit:direction>in</spirit:direction>
          <spirit:wireTypeDefs>
            <spirit:wireTypeDef>
              <spirit:typeName>wire</spirit:typeName>
              <spirit:viewNameRef>xilinx_verilogsynthesis</spirit:viewNameRef>
              <spirit:viewNameRef>xilinx_verilogbehavioralsimulation</spirit:viewNameRef>
            </spirit:wireTypeDef>
          </spirit:wireTypeDefs>
        </spirit:wire>
      </spirit:port>
      <spirit:port>
        <spirit:name>s00_axi_arready</spirit:name>
        <spirit:wire>
          <spirit:direction>out</spirit:direction>
          <spirit:wireTypeDefs>
            <spirit:wireTypeDef>
              <spirit:typeName>wire</spirit:typeName>
              <spirit:viewNameRef>xilinx_verilogsynthesis</spirit:viewNameRef>
              <spirit:viewNameRef>xilinx_verilogbehavioralsimulation</spirit:viewNameRef>
            </spirit:wireTypeDef>
          </spirit:wireTypeDefs>
        </spirit:wire>
      </spirit:port>
      <spirit:port>
        <spirit:name>s00_axi_rdata</spirit:name>
        <spirit:wire>
          <spirit:direction>out</spirit:direction>
          <spirit:vector>
            <spirit:left spirit:format="long" spirit:resolve="dependent" spirit:dependency="(spirit:decode(id(&apos;MODELPARAM_VALUE.C_S00_AXI_DATA_WIDTH&apos;)) - 1)">31</spirit:left>
            <spirit:right spirit:format="long">0</spirit:right>
          </spirit:vector>
          <spirit:wireTypeDefs>
            <spirit:wireTypeDef>
              <spirit:typeName>wire</spirit:typeName>
              <spirit:viewNameRef>xilinx_verilogsynthesis</spirit:viewNameRef>
              <spirit:viewNameRef>xilinx_verilogbehavioralsimulation</spirit:viewNameRef>
            </spirit:wireTypeDef>
          </spirit:wireTypeDefs>
        </spirit:wire>
      </spirit:port>
      <spirit:port>
        <spirit:name>s00_axi_rresp</spirit:name>
        <spirit:wire>
          <spirit:direction>out</spirit:direction>
          <spirit:vector>
            <spirit:left spirit:format="long">1</spirit:left>
            <spirit:right spirit:format="long">0</spirit:right>
          </spirit:vector>
          <spirit:wireTypeDefs>
            <spirit:wireTypeDef>
              <spirit:typeName>wire</spirit:typeName>
              <spirit:viewNameRef>xilinx_verilogsynthesis</spirit:viewNameRef>
              <spirit:viewNameRef>xilinx_verilogbehavioralsimulation</spirit:viewNameRef>
            </spirit:wireTypeDef>
          </spirit:wireTypeDefs>
        </spirit:wire>
      </spirit:port>
      <spirit:port>
        <spirit:name>s00_axi_rvalid</spirit:name>
        <spirit:wire>
          <spirit:direction>out</spirit:direction>
          <spirit:wireTypeDefs>
            <spirit:wireTypeDef>
              <spirit:typeName>wire</spirit:typeName>
              <spirit:viewNameRef>xilinx_verilogsynthesis</spirit:viewNameRef>
              <spirit:viewNameRef>xilinx_verilogbehavioralsimulation</spirit:viewNameRef>
            </spirit:wireTypeDef>
          </spirit:wireTypeDefs>
        </spirit:wire>
      </spirit:port>
      <spirit:port>
        <spirit:name>s00_axi_rready</spirit:name>
        <spirit:wire>
          <spirit:direction>in</spirit:direction>
          <spirit:wireTypeDefs>
            <spirit:wireTypeDef>
              <spirit:typeName>wire</spirit:typeName>
              <spirit:viewNameRef>xilinx_verilogsynthesis</spirit:viewNameRef>
              <spirit:viewNameRef>xilinx_verilogbehavioralsimulation</spirit:viewNameRef>
            </spirit:wireTypeDef>
          </spirit:wireTypeDefs>
        </spirit:wire>
      </spirit:port>
      <spirit:port>
        <spirit:name>s00_axi_aclk</spirit:name>
        <spirit:wire>
          <spirit:direction>in</spirit:direction>
          <spirit:wireTypeDefs>
            <spirit:wireTypeDef>
              <spirit:typeName>wire</spirit:typeName>
              <spirit:viewNameRef>xilinx_verilogsynthesis</spirit:viewNameRef>
              <spirit:viewNameRef>xilinx_verilogbehavioralsimulation</spirit:viewNameRef>
            </spirit:wireTypeDef>
          </spirit:wireTypeDefs>
        </spirit:wire>
      </spirit:port>
      <spirit:port>
        <spirit:name>s00_axi_aresetn</spirit:name>
        <spirit:wire>
          <spirit:direction>in</spirit:direction>
          <spirit:wireTypeDefs>
            <spirit:wireTypeDef>
              <spirit:typeName>wire</spirit:typeName>
              <spirit:viewNameRef>xilinx_verilogsynthesis</spirit:viewNameRef>
              <spirit:viewNameRef>xilinx_verilogbehavioralsimulation</spirit:viewNameRef>
            </spirit:wireTypeDef>
          </spirit:wireTypeDefs>
        </spirit:wire>
      </spirit:port>
    </spirit:ports>
    <spirit:modelParameters>
      <spirit:modelParameter xsi:type="spirit:nameValueTypeType" spirit:dataType="integer">
        <spirit:name>C_S00_AXI_DATA_WIDTH</spirit:name>
        <spirit:displayName>C S00 AXI DATA WIDTH</spirit:displayName>
        <spirit:description>Width of S_AXI data bus</spirit:description>
        <spirit:value spirit:format="long" spirit:resolve="generated" spirit:id="MODELPARAM_VALUE.C_S00_AXI_DATA_WIDTH" spirit:order="3" spirit:rangeType="long">32</spirit:value>
      </spirit:modelParameter>
      <spirit:modelParameter spirit:dataType="integer">
        <spirit:name>C_S00_AXI_ADDR_WIDTH</spirit:name>
        <spirit:displayName>C S00 AXI ADDR WIDTH</spirit:displayName>
        <spirit:description>Width of S_AXI address bus</spirit:description>
        <spirit:value spirit:format="long" spirit:resolve="generated" spirit:id="MODELPARAM_VALUE.C_S00_AXI_ADDR_WIDTH" spirit:order="4" spirit:rangeType="long">6</spirit:value>
      </spirit:modelParameter>
    </spirit:modelParameters>
  </spirit:model>
  <spirit:choices>
    <spirit:choice>
      <spirit:name>choice_list_6fc15197</spirit:name>
      <spirit:enumeration>32</spirit:enumeration>
    </spirit:choice>
    <spirit:choice>
      <spirit:name>choice_list_99a1d2b9</spirit:name>
      <spirit:enumeration>LEVEL_HIGH</spirit:enumeration>
      <spirit:enumeration>LEVEL_LOW</spirit:enumeration>
      <spirit:enumeration>EDGE_RISING</spirit:enumeration>
      <spirit:enumeration>EDGE_FALLING</spirit:enumeration>
    </spirit:choice>
    <spirit:choice>
      <spirit:name>choice_list_9d8b0d81</spirit:name>
      <spirit:enumeration>ACTIVE_HIGH</spirit:enumeration>
      <spirit:enumeration>ACTIVE_LOW</spirit:enumeration>
    </spirit:choice>
    <spirit:choice>
      <spirit:name>choice_pairs_ce1226b1</spirit:name>
      <spirit:enumeration spirit:text="true">1</spirit:enumeration>
      <spirit:enumeration spirit:text="false">0</spirit:enumeration>
    </spirit:choice>
  </spirit:choices>
  <spirit:fileSets>
    <spirit:fileSet>
      <spirit:name>xilinx_verilogsynthesis_view_fileset</spirit:name>
      <spirit:file>
        <spirit:name>hdl/aes_mix_columns_v1_0_S00_AXI.v</spirit:name>
        <spirit:fileType>verilogSource</spirit:fileType>
      </spirit:file>
      <spirit:file>
        <spirit:name>hdl/aes_mix_columns_v1_0.v</spirit:name>
        <spirit:fileType>verilogSource</spirit:fileType>
        <spirit:userFileType>CHECKSUM_86499188</spirit:userFileType>
      </spirit:file>
    </spirit:fileSet>
    <spirit:fileSet>
      <spirit:name>xilinx_verilogbehavioralsimulation_view_fileset</spirit:name>
      <spirit:file>
        <spirit:name>hdl/aes_mix_columns_v1_0_S00_AXI.v</spirit:name>
        <spirit:fileType>verilogSource</spirit:fileType>
      </spirit:file>
      <spirit:file>
        <spirit:name>hdl/aes_mix_columns_v1_0.v</spirit:name>
        <spirit:fileType>verilogSource</spirit:fileType>
      </spirit:file>
    </spirit:fileSet>
    <spirit:fileSet>
      <spirit:name>xilinx_softwaredriver_view_fileset</spirit:name>
      <spirit:file>
        <spirit:name>drivers/aes_mix_columns_v1_0/data/aes_mix_columns.mdd</spirit:name>
        <spirit:userFileType>mdd</spirit:userFileType>
        <spirit:userFileType>driver_mdd</spirit:userFileType>
      </spirit:file>
      <spirit:file>
        <spirit:name>drivers/aes_mix_columns_v1_0/data/aes_mix_columns.tcl</spirit:name>
        <spirit:fileType>tclSource</spirit:fileType>
        <spirit:userFileType>driver_tcl</spirit:userFileType>
      </spirit:file>
      <spirit:file>
        <spirit:name>drivers/aes_mix_columns_v1_0/src/Makefile</spirit:name>
        <spirit:userFileType>driver_src</spirit:userFileType>
      </spirit:file>
      <spirit:file>
        <spirit:name>drivers/aes_mix_columns_v1_0/src/aes_mix_columns.h</spirit:name>
        <spirit:fileType>cSource</spirit:fileType>
        <spirit:userFileType>driver_src</spirit:userFileType>
      </spirit:file>
      <spirit:file>
        <spirit:name>drivers/aes_mix_columns_v1_0/src/aes_mix_columns.c</spirit:name>
        <spirit:fileType>cSource</spirit:fileType>
        <spirit:userFileType>driver_src</spirit:userFileType>
      </spirit:file>
      <spirit:file>
        <spirit:name>drivers/aes_mix_columns_v1_0/src/aes_mix_columns_selftest.c</spirit:name>
        <spirit:fileType>cSource</spirit:fileType>
        <spirit:userFileType>driver_src</spirit:userFileType>
      </spirit:file>
    </spirit:fileSet>
    <spirit:fileSet>
      <spirit:name>xilinx_xpgui_view_fileset</spirit:name>
      <spirit:file>
        <spirit:name>xgui/aes_mix_columns_v1_0.tcl</spirit:name>
        <spirit:fileType>tclSource</spirit:fileType>
        <spirit:userFileType>CHECKSUM_dda4df14</spirit:userFileType>
        <spirit:userFileType>XGUI_VERSION_2</spirit:userFileType>
      </spirit:file>
    </spirit:fileSet>
    <spirit:fileSet>
      <spirit:name>bd_tcl_view_fileset</spirit:name>
      <spirit:file>
        <spirit:name>bd/bd.tcl</spirit:name>
        <spirit:fileType>tclSource</spirit:fileType>
      </spirit:file>
    </spirit:fileSet>
  </spirit:fileSets>
  <spirit:description>My new AXI IP</spirit:description>
  <spirit:parameters>
    <spirit:parameter>
      <spirit:name>C_S00_AXI_DATA_WIDTH</spirit:name>
      <spirit:displayName>C S00 AXI DATA WIDTH</spirit:displayName>
      <spirit:description>Width of S_AXI data bus</spirit:description>
      <spirit:value spirit:format="long" spirit:resolve="user" spirit:id="PARAM_VALUE.C_S00_AXI_DATA_WIDTH" spirit:choiceRef="choice_list_6fc15197" spirit:order="3">32</spirit:value>
      <spirit:vendorExtensions>
        <xilinx:parameterInfo>
          <xilinx:enablement>
            <xilinx:isEnabled xilinx:id="PARAM_ENABLEMENT.C_S00_AXI_DATA_WIDTH">false</xilinx:isEnabled>
          </xilinx:enablement>
        </xilinx:parameterInfo>
      </spirit:vendorExtensions>
    </spirit:parameter>
    <spirit:parameter>
      <spirit:name>C_S00_AXI_ADDR_WIDTH</spirit:name>
      <spirit:displayName>C S00 AXI ADDR WIDTH</spirit:displayName>
      <spirit:description>Width of S_AXI address bus</spirit:description>
      <spirit:value spirit:format="long" spirit:resolve="user" spirit:id="PARAM_VALUE.C_S00_AXI_ADDR_WIDTH" spirit:order="4" spirit:rangeType="long">6</spirit:value>
      <spirit:vendorExtensions>
        <xilinx:parameterInfo>
          <xilinx:enablement>
            <xilinx:isEnabled xilinx:id="PARAM_ENABLEMENT.C_S00_AXI_ADDR_WIDTH">false</xilinx:isEnabled>
          </xilinx:enablement>
        </xilinx:parameterInfo>
      </spirit:vendorExtensions>
    </spirit:parameter>
    <spirit:parameter>
      <spirit:name>C_S00_AXI_BASEADDR</spirit:name>
      <spirit:displayName>C S00 AXI BASEADDR</spirit:displayName>
      <spirit:value spirit:format="bitString" spirit:resolve="user" spirit:id="PARAM_VALUE.C_S00_AXI_BASEADDR" spirit:order="5" spirit:bitStringLength="32">0xFFFFFFFF</spirit:value>
      <spirit:vendorExtensions>
        <xilinx:parameterInfo>
          <xilinx:enablement>
            <xilinx:isEnabled xilinx:id="PARAM_ENABLEMENT.C_S00_AXI_BASEADDR">false</xilinx:isEnabled>
          </xilinx:enablement>
        </xilinx:parameterInfo>
      </spirit:vendorExtensions>
    </spirit:parameter>
    <spirit:parameter>
      <spirit:name>C_S00_AXI_HIGHADDR</spirit:name>
      <spirit:displayName>C S00 AXI HIGHADDR</spirit:displayName>
      <spirit:value spirit:format="bitString" spirit:resolve="user" spirit:id="PARAM_VALUE.C_S00_AXI_HIGHADDR" spirit:order="6" spirit:bitStringLength="32">0x00000000</spirit:value>
      <spirit:vendorExtensions>
        <xilinx:parameterInfo>
          <xilinx:enablement>
            <xilinx:isEnabled xilinx:id="PARAM_ENABLEMENT.C_S00_AXI_HIGHADDR">false</xilinx:isEnabled>
          </xilinx:enablement>
        </xilinx:parameterInfo>
      </spirit:vendorExtensions>
    </spirit:parameter>
    <spirit:parameter>
      <spirit:name>Component_Name</spirit:name>
      <spirit:value spirit:resolve="user" spirit:id="PARAM_VALUE.Component_Name" spirit:order="1">aes_mix_columns_v1_0</spirit:value>
    </spirit:parameter>
  </spirit:parameters>
  <spirit:vendorExtensions>
    <xilinx:coreExtensions>
      <xilinx:supportedFamilies>
        <xilinx:family xilinx:lifeCycle="Pre-Production">zynquplus</xilinx:family>
      </xilinx:supportedFamilies>
      <xilinx:taxonomies>
        <xilinx:taxonomy>AXI_Peripheral</xilinx:taxonomy>
      </xilinx:taxonomies>
      <xilinx:displayName>aes_mix_columns_v1.0</xilinx:displayName>
      <xilinx:coreRevision>5</xilinx:coreRevision>
      <xilinx:coreCreationDateTime>2022-05-08T16:40:37Z</xilinx:coreCreationDateTime>
      <xilinx:tags>
        <xilinx:tag xilinx:name="ui.data.coregen.dd@4d66fc7_ARCHIVE_LOCATION">c:/Users/VTEJA/Downloads/ip_repo/aes_mix_columns_1.0</xilinx:tag>
        <xilinx:tag xilinx:name="ui.data.coregen.dd@6f2b03d_ARCHIVE_LOCATION">c:/Users/VTEJA/Downloads/ip_repo/aes_mix_columns_1.0</xilinx:tag>
        <xilinx:tag xilinx:name="ui.data.coregen.dd@69bff47d_ARCHIVE_LOCATION">c:/Users/VTEJA/Downloads/ip_repo/aes_mix_columns_1.0</xilinx:tag>
        <xilinx:tag xilinx:name="ui.data.coregen.dd@3317a70a_ARCHIVE_LOCATION">c:/Users/VTEJA/Downloads/ip_repo/aes_mix_columns_1.0</xilinx:tag>
        <xilinx:tag xilinx:name="ui.data.coregen.dd@65780ea1_ARCHIVE_LOCATION">c:/Users/VTEJA/Downloads/ip_repo/aes_mix_columns_1.0</xilinx:tag>
        <xilinx:tag xilinx:name="ui.data.coregen.dd@109cb1bc_ARCHIVE_LOCATION">c:/Users/VTEJA/Downloads/ip_repo/aes_mix_columns_1.0</xilinx:tag>
        <xilinx:tag xilinx:name="ui.data.coregen.dd@271f44a9_ARCHIVE_LOCATION">c:/Users/VTEJA/Downloads/ip_repo/aes_mix_columns_1.0</xilinx:tag>
        <xilinx:tag xilinx:name="ui.data.coregen.dd@785a86bd_ARCHIVE_LOCATION">c:/Users/VTEJA/Downloads/ip_repo/aes_mix_columns_1.0</xilinx:tag>
        <xilinx:tag xilinx:name="ui.data.coregen.dd@fb657f7_ARCHIVE_LOCATION">c:/Users/VTEJA/Downloads/ip_repo/aes_mix_columns_1.0</xilinx:tag>
        <xilinx:tag xilinx:name="ui.data.coregen.dd@4afa2b1f_ARCHIVE_LOCATION">c:/Users/VTEJA/Downloads/ip_repo/aes_mix_columns_1.0</xilinx:tag>
        <xilinx:tag xilinx:name="ui.data.coregen.dd@6a62e0e0_ARCHIVE_LOCATION">c:/Users/VTEJA/Downloads/ip_repo/aes_mix_columns_1.0</xilinx:tag>
        <xilinx:tag xilinx:name="ui.data.coregen.dd@5d76a98f_ARCHIVE_LOCATION">c:/Users/VTEJA/Downloads/ip_repo/aes_mix_columns_1.0</xilinx:tag>
        <xilinx:tag xilinx:name="ui.data.coregen.dd@7fdc9214_ARCHIVE_LOCATION">c:/Users/VTEJA/Downloads/ip_repo/aes_mix_columns_1.0</xilinx:tag>
        <xilinx:tag xilinx:name="ui.data.coregen.dd@30731b51_ARCHIVE_LOCATION">c:/Users/VTEJA/Downloads/ip_repo/aes_mix_columns_1.0</xilinx:tag>
        <xilinx:tag xilinx:name="ui.data.coregen.dd@39af900f_ARCHIVE_LOCATION">c:/Users/VTEJA/Downloads/ip_repo/aes_mix_columns_1.0</xilinx:tag>
        <xilinx:tag xilinx:name="ui.data.coregen.dd@69ee9ce5_ARCHIVE_LOCATION">c:/Users/VTEJA/Downloads/ip_repo/aes_mix_columns_1.0</xilinx:tag>
        <xilinx:tag xilinx:name="ui.data.coregen.dd@a140e66_ARCHIVE_LOCATION">c:/Users/VTEJA/Downloads/ip_repo/aes_mix_columns_1.0</xilinx:tag>
        <xilinx:tag xilinx:name="ui.data.coregen.dd@2993e066_ARCHIVE_LOCATION">c:/Users/VTEJA/Downloads/ip_repo/aes_mix_columns_1.0</xilinx:tag>
        <xilinx:tag xilinx:name="ui.data.coregen.dd@202fd2f_ARCHIVE_LOCATION">c:/Users/VTEJA/Downloads/ip_repo/aes_mix_columns_1.0</xilinx:tag>
        <xilinx:tag xilinx:name="ui.data.coregen.dd@361e687a_ARCHIVE_LOCATION">c:/Users/VTEJA/Downloads/ip_repo/aes_mix_columns_1.0</xilinx:tag>
        <xilinx:tag xilinx:name="ui.data.coregen.dd@2c0e8599_ARCHIVE_LOCATION">c:/Users/VTEJA/Downloads/ip_repo/aes_mix_columns_1.0</xilinx:tag>
        <xilinx:tag xilinx:name="ui.data.coregen.dd@29608f86_ARCHIVE_LOCATION">c:/Users/VTEJA/Downloads/ip_repo/aes_mix_columns_1.0</xilinx:tag>
        <xilinx:tag xilinx:name="ui.data.coregen.dd@6e058a88_ARCHIVE_LOCATION">c:/Users/VTEJA/Downloads/ip_repo/aes_mix_columns_1.0</xilinx:tag>
        <xilinx:tag xilinx:name="ui.data.coregen.dd@15ffe938_ARCHIVE_LOCATION">c:/Users/VTEJA/Downloads/ip_repo/aes_mix_columns_1.0</xilinx:tag>
        <xilinx:tag xilinx:name="ui.data.coregen.dd@62c5df01_ARCHIVE_LOCATION">c:/Users/VTEJA/Downloads/ip_repo/aes_mix_columns_1.0</xilinx:tag>
        <xilinx:tag xilinx:name="ui.data.coregen.dd@4a8895a0_ARCHIVE_LOCATION">c:/Users/VTEJA/Downloads/ip_repo/aes_mix_columns_1.0</xilinx:tag>
        <xilinx:tag xilinx:name="ui.data.coregen.dd@68b7091a_ARCHIVE_LOCATION">c:/Users/VTEJA/Downloads/ip_repo/aes_mix_columns_1.0</xilinx:tag>
        <xilinx:tag xilinx:name="ui.data.coregen.dd@4cee2933_ARCHIVE_LOCATION">c:/Users/VTEJA/Downloads/ip_repo/aes_mix_columns_1.0</xilinx:tag>
        <xilinx:tag xilinx:name="ui.data.coregen.dd@759a2232_ARCHIVE_LOCATION">c:/Users/VTEJA/Downloads/ip_repo/aes_mix_columns_1.0</xilinx:tag>
        <xilinx:tag xilinx:name="ui.data.coregen.dd@277c3351_ARCHIVE_LOCATION">c:/Users/VTEJA/Downloads/ip_repo/aes_mix_columns_1.0</xilinx:tag>
        <xilinx:tag xilinx:name="ui.data.coregen.dd@c0394d7_ARCHIVE_LOCATION">c:/Users/VTEJA/Downloads/ip_repo/aes_mix_columns_1.0</xilinx:tag>
        <xilinx:tag xilinx:name="ui.data.coregen.dd@640e6770_ARCHIVE_LOCATION">c:/Users/VTEJA/Downloads/ip_repo/aes_mix_columns_1.0</xilinx:tag>
        <xilinx:tag xilinx:name="ui.data.coregen.dd@46d22f56_ARCHIVE_LOCATION">c:/Users/VTEJA/Downloads/ip_repo/aes_mix_columns_1.0</xilinx:tag>
        <xilinx:tag xilinx:name="ui.data.coregen.dd@43510748_ARCHIVE_LOCATION">c:/Users/VTEJA/Downloads/ip_repo/aes_mix_columns_1.0</xilinx:tag>
        <xilinx:tag xilinx:name="ui.data.coregen.dd@7148cb9b_ARCHIVE_LOCATION">c:/Users/VTEJA/Downloads/ip_repo/aes_mix_columns_1.0</xilinx:tag>
        <xilinx:tag xilinx:name="ui.data.coregen.dd@4000836a_ARCHIVE_LOCATION">c:/Users/VTEJA/Downloads/ip_repo/aes_mix_columns_1.0</xilinx:tag>
        <xilinx:tag xilinx:name="ui.data.coregen.dd@3c8174ac_ARCHIVE_LOCATION">c:/Users/VTEJA/Downloads/ip_repo/aes_mix_columns_1.0</xilinx:tag>
        <xilinx:tag xilinx:name="ui.data.coregen.dd@420b423e_ARCHIVE_LOCATION">c:/Users/VTEJA/Downloads/ip_repo/aes_mix_columns_1.0</xilinx:tag>
        <xilinx:tag xilinx:name="ui.data.coregen.dd@5c582804_ARCHIVE_LOCATION">c:/Users/VTEJA/Downloads/ip_repo/aes_mix_columns_1.0</xilinx:tag>
        <xilinx:tag xilinx:name="ui.data.coregen.dd@72ec5f1c_ARCHIVE_LOCATION">c:/Users/VTEJA/Downloads/ip_repo/aes_mix_columns_1.0</xilinx:tag>
        <xilinx:tag xilinx:name="ui.data.coregen.dd@1a9cb006_ARCHIVE_LOCATION">c:/Users/VTEJA/Downloads/ip_repo/aes_mix_columns_1.0</xilinx:tag>
        <xilinx:tag xilinx:name="ui.data.coregen.dd@5849f333_ARCHIVE_LOCATION">c:/Users/VTEJA/Downloads/ip_repo/aes_mix_columns_1.0</xilinx:tag>
        <xilinx:tag xilinx:name="ui.data.coregen.dd@4cdf29ed_ARCHIVE_LOCATION">c:/Users/VTEJA/Downloads/ip_repo/aes_mix_columns_1.0</xilinx:tag>
        <xilinx:tag xilinx:name="ui.data.coregen.dd@3acaa4ca_ARCHIVE_LOCATION">c:/Users/VTEJA/Downloads/ip_repo/aes_mix_columns_1.0</xilinx:tag>
        <xilinx:tag xilinx:name="ui.data.coregen.dd@465fcc8f_ARCHIVE_LOCATION">c:/Users/VTEJA/Downloads/ip_repo/aes_mix_columns_1.0</xilinx:tag>
        <xilinx:tag xilinx:name="ui.data.coregen.dd@59d84842_ARCHIVE_LOCATION">c:/Users/VTEJA/Downloads/ip_repo/aes_mix_columns_1.0</xilinx:tag>
        <xilinx:tag xilinx:name="ui.data.coregen.dd@7f06319f_ARCHIVE_LOCATION">c:/Users/VTEJA/Downloads/ip_repo/aes_mix_columns_1.0</xilinx:tag>
        <xilinx:tag xilinx:name="ui.data.coregen.dd@53c4301e_ARCHIVE_LOCATION">c:/Users/VTEJA/Downloads/ip_repo/aes_mix_columns_1.0</xilinx:tag>
        <xilinx:tag xilinx:name="ui.data.coregen.dd@3d3ed2b1_ARCHIVE_LOCATION">c:/Users/VTEJA/Downloads/ip_repo/aes_mix_columns_1.0</xilinx:tag>
        <xilinx:tag xilinx:name="ui.data.coregen.dd@3de5456c_ARCHIVE_LOCATION">c:/Users/VTEJA/Downloads/ip_repo/aes_mix_columns_1.0</xilinx:tag>
        <xilinx:tag xilinx:name="ui.data.coregen.dd@55c2f3e_ARCHIVE_LOCATION">c:/Users/VTEJA/Downloads/ip_repo/aes_mix_columns_1.0</xilinx:tag>
        <xilinx:tag xilinx:name="ui.data.coregen.dd@b2290f7_ARCHIVE_LOCATION">c:/Users/VTEJA/Downloads/ip_repo/aes_mix_columns_1.0</xilinx:tag>
        <xilinx:tag xilinx:name="ui.data.coregen.dd@5f1c08fa_ARCHIVE_LOCATION">c:/Users/VTEJA/Downloads/ip_repo/aes_mix_columns_1.0</xilinx:tag>
        <xilinx:tag xilinx:name="ui.data.coregen.dd@3b7d6d77_ARCHIVE_LOCATION">c:/Users/VTEJA/Downloads/ip_repo/aes_mix_columns_1.0</xilinx:tag>
        <xilinx:tag xilinx:name="ui.data.coregen.dd@5ca3a956_ARCHIVE_LOCATION">c:/Users/VTEJA/Downloads/ip_repo/aes_mix_columns_1.0</xilinx:tag>
        <xilinx:tag xilinx:name="ui.data.coregen.dd@52d17c93_ARCHIVE_LOCATION">c:/Users/VTEJA/Downloads/ip_repo/aes_mix_columns_1.0</xilinx:tag>
        <xilinx:tag xilinx:name="ui.data.coregen.dd@4e42f63c_ARCHIVE_LOCATION">c:/Users/VTEJA/Downloads/ip_repo/aes_mix_columns_1.0</xilinx:tag>
        <xilinx:tag xilinx:name="ui.data.coregen.dd@58d886af_ARCHIVE_LOCATION">c:/Users/VTEJA/Downloads/ip_repo/aes_mix_columns_1.0</xilinx:tag>
        <xilinx:tag xilinx:name="ui.data.coregen.dd@35ccfb53_ARCHIVE_LOCATION">c:/Users/VTEJA/Downloads/ip_repo/aes_mix_columns_1.0</xilinx:tag>
        <xilinx:tag xilinx:name="ui.data.coregen.dd@5247e86e_ARCHIVE_LOCATION">c:/Users/VTEJA/Downloads/ip_repo/aes_mix_columns_1.0</xilinx:tag>
        <xilinx:tag xilinx:name="ui.data.coregen.dd@615df53c_ARCHIVE_LOCATION">c:/Users/VTEJA/Downloads/ip_repo/aes_mix_columns_1.0</xilinx:tag>
        <xilinx:tag xilinx:name="ui.data.coregen.dd@579abedf_ARCHIVE_LOCATION">c:/Users/VTEJA/Downloads/ip_repo/aes_mix_columns_1.0</xilinx:tag>
        <xilinx:tag xilinx:name="ui.data.coregen.dd@2665c6ab_ARCHIVE_LOCATION">c:/Users/VTEJA/Downloads/ip_repo/aes_mix_columns_1.0</xilinx:tag>
        <xilinx:tag xilinx:name="ui.data.coregen.dd@143e4ac1_ARCHIVE_LOCATION">c:/Users/VTEJA/Downloads/ip_repo/aes_mix_columns_1.0</xilinx:tag>
        <xilinx:tag xilinx:name="ui.data.coregen.dd@1ea17c21_ARCHIVE_LOCATION">c:/Users/VTEJA/Downloads/ip_repo/aes_mix_columns_1.0</xilinx:tag>
        <xilinx:tag xilinx:name="ui.data.coregen.dd@7ebae2b5_ARCHIVE_LOCATION">c:/Users/VTEJA/Downloads/ip_repo/aes_mix_columns_1.0</xilinx:tag>
        <xilinx:tag xilinx:name="ui.data.coregen.dd@96e02e4_ARCHIVE_LOCATION">c:/Users/VTEJA/Downloads/ip_repo/aes_mix_columns_1.0</xilinx:tag>
        <xilinx:tag xilinx:name="ui.data.coregen.dd@25a14f9c_ARCHIVE_LOCATION">c:/Users/VTEJA/Downloads/ip_repo/aes_mix_columns_1.0</xilinx:tag>
        <xilinx:tag xilinx:name="ui.data.coregen.dd@10f2e2b6_ARCHIVE_LOCATION">c:/Users/VTEJA/Downloads/ip_repo/aes_mix_columns_1.0</xilinx:tag>
        <xilinx:tag xilinx:name="ui.data.coregen.dd@d4f46d9_ARCHIVE_LOCATION">c:/Users/VTEJA/Downloads/ip_repo/aes_mix_columns_1.0</xilinx:tag>
        <xilinx:tag xilinx:name="ui.data.coregen.dd@6ceb572d_ARCHIVE_LOCATION">c:/Users/VTEJA/Downloads/ip_repo/aes_mix_columns_1.0</xilinx:tag>
        <xilinx:tag xilinx:name="ui.data.coregen.dd@55251718_ARCHIVE_LOCATION">c:/Users/VTEJA/Downloads/ip_repo/aes_mix_columns_1.0</xilinx:tag>
        <xilinx:tag xilinx:name="ui.data.coregen.dd@34f8b82b_ARCHIVE_LOCATION">c:/Users/VTEJA/Downloads/ip_repo/aes_mix_columns_1.0</xilinx:tag>
        <xilinx:tag xilinx:name="ui.data.coregen.dd@b39e2aa_ARCHIVE_LOCATION">c:/Users/VTEJA/Downloads/ip_repo/aes_mix_columns_1.0</xilinx:tag>
        <xilinx:tag xilinx:name="ui.data.coregen.dd@6bca8e1e_ARCHIVE_LOCATION">c:/Users/VTEJA/Downloads/ip_repo/aes_mix_columns_1.0</xilinx:tag>
        <xilinx:tag xilinx:name="ui.data.coregen.dd@7cfc6714_ARCHIVE_LOCATION">c:/Users/VTEJA/Downloads/ip_repo/aes_mix_columns_1.0</xilinx:tag>
        <xilinx:tag xilinx:name="ui.data.coregen.dd@361f3091_ARCHIVE_LOCATION">c:/Users/VTEJA/Downloads/ip_repo/aes_mix_columns_1.0</xilinx:tag>
        <xilinx:tag xilinx:name="ui.data.coregen.dd@23b16b19_ARCHIVE_LOCATION">c:/Users/VTEJA/Downloads/ip_repo/aes_mix_columns_1.0</xilinx:tag>
        <xilinx:tag xilinx:name="ui.data.coregen.dd@28c87a13_ARCHIVE_LOCATION">c:/Users/VTEJA/Downloads/ip_repo/aes_mix_columns_1.0</xilinx:tag>
        <xilinx:tag xilinx:name="ui.data.coregen.dd@4e5999b9_ARCHIVE_LOCATION">c:/Users/VTEJA/Downloads/ip_repo/aes_mix_columns_1.0</xilinx:tag>
        <xilinx:tag xilinx:name="ui.data.coregen.dd@1eee1bab_ARCHIVE_LOCATION">c:/Users/VTEJA/Downloads/ip_repo/aes_mix_columns_1.0</xilinx:tag>
        <xilinx:tag xilinx:name="ui.data.coregen.dd@256e469a_ARCHIVE_LOCATION">c:/Users/VTEJA/Downloads/ip_repo/aes_mix_columns_1.0</xilinx:tag>
        <xilinx:tag xilinx:name="ui.data.coregen.dd@6cb0a342_ARCHIVE_LOCATION">c:/Users/VTEJA/Downloads/ip_repo/aes_mix_columns_1.0</xilinx:tag>
        <xilinx:tag xilinx:name="ui.data.coregen.dd@6c3d42b0_ARCHIVE_LOCATION">c:/Users/VTEJA/Downloads/ip_repo/aes_mix_columns_1.0</xilinx:tag>
        <xilinx:tag xilinx:name="ui.data.coregen.dd@38f83eec_ARCHIVE_LOCATION">c:/Users/VTEJA/Downloads/ip_repo/aes_mix_columns_1.0</xilinx:tag>
        <xilinx:tag xilinx:name="ui.data.coregen.dd@46477736_ARCHIVE_LOCATION">c:/Users/VTEJA/Downloads/ip_repo/aes_mix_columns_1.0</xilinx:tag>
      </xilinx:tags>
    </xilinx:coreExtensions>
    <xilinx:packagingInfo>
      <xilinx:xilinxVersion>2018.3</xilinx:xilinxVersion>
      <xilinx:checksum xilinx:scope="busInterfaces" xilinx:value="521f479a"/>
      <xilinx:checksum xilinx:scope="memoryMaps" xilinx:value="ed1368d5"/>
      <xilinx:checksum xilinx:scope="fileGroups" xilinx:value="87ac60be"/>
      <xilinx:checksum xilinx:scope="ports" xilinx:value="ab1949b4"/>
      <xilinx:checksum xilinx:scope="hdlParameters" xilinx:value="e7b50784"/>
      <xilinx:checksum xilinx:scope="parameters" xilinx:value="b554fb23"/>
    </xilinx:packagingInfo>
  </spirit:vendorExtensions>
</spirit:component>
