<?xml version="1.0" encoding="UTF-8"?>
<GenRun Id="impl_1" LaunchPart="xczu3eg-sbva484-1-e" LaunchTime="1652234003">
  <File Type="ROUTE-PWR" Name="Zynq_Design_wrapper_power_routed.rpt"/>
  <File Type="PA-TCL" Name="Zynq_Design_wrapper.tcl"/>
  <File Type="BITSTR-BMM" Name="Zynq_Design_wrapper_bd.bmm"/>
  <File Type="ROUTE-PWR-SUM" Name="Zynq_Design_wrapper_power_summary_routed.pb"/>
  <File Type="REPORTS-TCL" Name="Zynq_Design_wrapper_reports.tcl"/>
  <File Type="OPT-DCP" Name="Zynq_Design_wrapper_opt.dcp"/>
  <File Type="OPT-DRC" Name="Zynq_Design_wrapper_drc_opted.rpt"/>
  <File Type="OPT-HWDEF" Name="Zynq_Design_wrapper.hwdef"/>
  <File Type="PWROPT-DCP" Name="Zynq_Design_wrapper_pwropt.dcp"/>
  <File Type="PLACE-DCP" Name="Zynq_Design_wrapper_placed.dcp"/>
  <File Type="PLACE-IO" Name="Zynq_Design_wrapper_io_placed.rpt"/>
  <File Type="PLACE-UTIL" Name="Zynq_Design_wrapper_utilization_placed.rpt"/>
  <File Type="PLACE-UTIL-PB" Name="Zynq_Design_wrapper_utilization_placed.pb"/>
  <File Type="PLACE-CTRL" Name="Zynq_Design_wrapper_control_sets_placed.rpt"/>
  <File Type="PLACE-PRE-SIMILARITY" Name="Zynq_Design_wrapper_incremental_reuse_pre_placed.rpt"/>
  <File Type="BG-BGN" Name="Zynq_Design_wrapper.bgn"/>
  <File Type="POSTPLACE-PWROPT-DCP" Name="Zynq_Design_wrapper_postplace_pwropt.dcp"/>
  <File Type="BG-BIN" Name="Zynq_Design_wrapper.bin"/>
  <File Type="PHYSOPT-DCP" Name="Zynq_Design_wrapper_physopt.dcp"/>
  <File Type="BITSTR-MSK" Name="Zynq_Design_wrapper.msk"/>
  <File Type="ROUTE-ERROR-DCP" Name="Zynq_Design_wrapper_routed_error.dcp"/>
  <File Type="ROUTE-DCP" Name="Zynq_Design_wrapper_routed.dcp"/>
  <File Type="ROUTE-BLACKBOX-DCP" Name="Zynq_Design_wrapper_routed_bb.dcp"/>
  <File Type="ROUTE-DRC" Name="Zynq_Design_wrapper_drc_routed.rpt"/>
  <File Type="ROUTE-DRC-PB" Name="Zynq_Design_wrapper_drc_routed.pb"/>
  <File Type="ROUTE-DRC-RPX" Name="Zynq_Design_wrapper_drc_routed.rpx"/>
  <File Type="BITSTR-LTX" Name="Zynq_Design_wrapper.ltx"/>
  <File Type="ROUTE-METHODOLOGY-DRC" Name="Zynq_Design_wrapper_methodology_drc_routed.rpt"/>
  <File Type="BITSTR-MMI" Name="Zynq_Design_wrapper.mmi"/>
  <File Type="ROUTE-METHODOLOGY-DRC-RPX" Name="Zynq_Design_wrapper_methodology_drc_routed.rpx"/>
  <File Type="ROUTE-METHODOLOGY-DRC-PB" Name="Zynq_Design_wrapper_methodology_drc_routed.pb"/>
  <File Type="BITSTR-SYSDEF" Name="Zynq_Design_wrapper.sysdef"/>
  <File Type="ROUTE-PWR-RPX" Name="Zynq_Design_wrapper_power_routed.rpx"/>
  <File Type="ROUTE-STATUS" Name="Zynq_Design_wrapper_route_status.rpt"/>
  <File Type="ROUTE-STATUS-PB" Name="Zynq_Design_wrapper_route_status.pb"/>
  <File Type="ROUTE-TIMINGSUMMARY" Name="Zynq_Design_wrapper_timing_summary_routed.rpt"/>
  <File Type="ROUTE-TIMING-PB" Name="Zynq_Design_wrapper_timing_summary_routed.pb"/>
  <File Type="ROUTE-TIMING-RPX" Name="Zynq_Design_wrapper_timing_summary_routed.rpx"/>
  <File Type="ROUTE-CLK" Name="Zynq_Design_wrapper_clock_utilization_routed.rpt"/>
  <File Type="ROUTE-BUS-SKEW" Name="Zynq_Design_wrapper_bus_skew_routed.rpt"/>
  <File Type="ROUTE-BUS-SKEW-PB" Name="Zynq_Design_wrapper_bus_skew_routed.pb"/>
  <File Type="ROUTE-BUS-SKEW-RPX" Name="Zynq_Design_wrapper_bus_skew_routed.rpx"/>
  <File Type="POSTROUTE-PHYSOPT-DCP" Name="Zynq_Design_wrapper_postroute_physopt.dcp"/>
  <File Type="POSTROUTE-PHYSOPT-BLACKBOX-DCP" Name="Zynq_Design_wrapper_postroute_physopt_bb.dcp"/>
  <File Type="BG-BIT" Name="Zynq_Design_wrapper.bit"/>
  <File Type="BITSTR-RBT" Name="Zynq_Design_wrapper.rbt"/>
  <File Type="BITSTR-NKY" Name="Zynq_Design_wrapper.nky"/>
  <File Type="BG-DRC" Name="Zynq_Design_wrapper.drc"/>
  <File Type="RDI-RDI" Name="Zynq_Design_wrapper.vdi"/>
  <File Type="WBT-USG" Name="usage_statistics_webtalk.html"/>
  <FileSet Name="sources" Type="DesignSrcs" RelSrcDir="$PSRCDIR/sources_1">
    <Filter Type="Srcs"/>
    <File Path="$PSRCDIR/sources_1/bd/Zynq_Design/Zynq_Design.bd">
      <FileInfo>
        <Attr Name="ImportPath" Val="$PPRDIR/../../../../../../../hls_gemm_vivado_clrC_big2/hls_gemm_vivado_clrC_big2.srcs/sources_1/bd/Zynq_Design/Zynq_Design.bd"/>
        <Attr Name="ImportTime" Val="1639239701"/>
        <Attr Name="UsedIn" Val="synthesis"/>
        <Attr Name="UsedIn" Val="implementation"/>
        <Attr Name="UsedIn" Val="simulation"/>
      </FileInfo>
    </File>
    <File Path="$PSRCDIR/sources_1/bd/Zynq_Design/hdl/Zynq_Design_wrapper.v">
      <FileInfo>
        <Attr Name="ImportPath" Val="$PPRDIR/../../../../../../../hls_gemm_vivado_clrC_big2/hls_gemm_vivado_clrC_big2.srcs/sources_1/bd/Zynq_Design/hdl/Zynq_Design_wrapper.v"/>
        <Attr Name="ImportTime" Val="1639239702"/>
        <Attr Name="UsedIn" Val="synthesis"/>
        <Attr Name="UsedIn" Val="implementation"/>
        <Attr Name="UsedIn" Val="simulation"/>
      </FileInfo>
    </File>
    <File Path="$PSRCDIR/sources_1/imports/hls_gemm_vivado_clrC_big2/archive_project_summary.txt">
      <FileInfo>
        <Attr Name="ImportPath" Val="$PPRDIR/../../../../../hls_mixcol_gemmtemplate/hls_gemm_vivado_clrC_big2/archive_project_summary.txt"/>
        <Attr Name="ImportTime" Val="1651259601"/>
      </FileInfo>
    </File>
    <File Path="$PSRCDIR/sources_1/imports/hls_gemm_vivado_clrC_big2_nodma/archive_project_summary.txt">
      <FileInfo>
        <Attr Name="ImportPath" Val="$PPRDIR/../../hls_gemm_vivado_clrC_big2_nodma/archive_project_summary.txt"/>
        <Attr Name="ImportTime" Val="1651976431"/>
      </FileInfo>
    </File>
    <Config>
      <Option Name="DesignMode" Val="RTL"/>
      <Option Name="TopModule" Val="Zynq_Design_wrapper"/>
      <Option Name="TopAutoSet" Val="TRUE"/>
    </Config>
  </FileSet>
  <FileSet Name="constrs_in" Type="Constrs" RelSrcDir="$PSRCDIR/constrs_1">
    <Filter Type="Constrs"/>
    <Config>
      <Option Name="ConstrsType" Val="XDC"/>
    </Config>
  </FileSet>
  <FileSet Name="utils" Type="Utils" RelSrcDir="$PSRCDIR/utils_1">
    <Filter Type="Utils"/>
    <Config>
      <Option Name="TopAutoSet" Val="TRUE"/>
    </Config>
  </FileSet>
  <Strategy Version="1" Minor="2">
    <StratHandle Name="Vivado Implementation Defaults" Flow="Vivado Implementation 2018"/>
    <Step Id="init_design"/>
    <Step Id="opt_design"/>
    <Step Id="power_opt_design"/>
    <Step Id="place_design"/>
    <Step Id="post_place_power_opt_design"/>
    <Step Id="phys_opt_design"/>
    <Step Id="route_design"/>
    <Step Id="post_route_phys_opt_design"/>
    <Step Id="write_bitstream"/>
  </Strategy>
  <BlockFileSet Type="BlockSrcs" Name="Zynq_Design_zynq_ultra_ps_e_0_0"/>
  <BlockFileSet Type="BlockSrcs" Name="Zynq_Design_rst_ps8_0_100M_0"/>
  <BlockFileSet Type="BlockSrcs" Name="Zynq_Design_aes_mix_columns_1_0"/>
  <BlockFileSet Type="BlockSrcs" Name="Zynq_Design_xbar_0"/>
  <BlockFileSet Type="BlockSrcs" Name="Zynq_Design_auto_pc_0"/>
  <BlockFileSet Type="BlockSrcs" Name="Zynq_Design_auto_ds_0"/>
  <BlockFileSet Type="BlockSrcs" Name="Zynq_Design_aes_mix_columns_3_0"/>
  <BlockFileSet Type="BlockSrcs" Name="Zynq_Design_aes_mix_columns_2_0"/>
  <BlockFileSet Type="BlockSrcs" Name="Zynq_Design_auto_ds_1"/>
  <BlockFileSet Type="BlockSrcs" Name="Zynq_Design_aes_mix_columns_0_0"/>
  <BlockFileSet Type="BlockSrcs" Name="Zynq_Design_auto_pc_1"/>
</GenRun>
