<?xml version="1.0" encoding="UTF-8"?>
<GenRun Id="Zynq_Design_rst_ps8_0_100M_0_synth_1" LaunchPart="xczu3eg-sbva484-1-e" LaunchTime="1652206780">
  <File Type="PA-TCL" Name="Zynq_Design_rst_ps8_0_100M_0.tcl"/>
  <File Type="REPORTS-TCL" Name="Zynq_Design_rst_ps8_0_100M_0_reports.tcl"/>
  <File Type="RDS-RDS" Name="Zynq_Design_rst_ps8_0_100M_0.vds"/>
  <File Type="RDS-UTIL" Name="Zynq_Design_rst_ps8_0_100M_0_utilization_synth.rpt"/>
  <File Type="RDS-UTIL-PB" Name="Zynq_Design_rst_ps8_0_100M_0_utilization_synth.pb"/>
  <File Type="RDS-DCP" Name="Zynq_Design_rst_ps8_0_100M_0.dcp"/>
  <FileSet Name="sources" Type="BlockSrcs" RelSrcDir="$PSRCDIR/Zynq_Design_rst_ps8_0_100M_0">
    <File Path="$PSRCDIR/sources_1/bd/Zynq_Design/ip/Zynq_Design_rst_ps8_0_100M_0/Zynq_Design_rst_ps8_0_100M_0.xci">
      <FileInfo>
        <Attr Name="Library" Val="xil_defaultlib"/>
        <Attr Name="ImportPath" Val="$PPRDIR/../../../../../../../hls_gemm_vivado_clrC_big2/hls_gemm_vivado_clrC_big2.srcs/sources_1/bd/Zynq_Design/ip/Zynq_Design_rst_ps8_0_100M_0/Zynq_Design_rst_ps8_0_100M_0.xci"/>
        <Attr Name="ImportTime" Val="0"/>
        <Attr Name="UsedIn" Val="synthesis"/>
        <Attr Name="UsedIn" Val="implementation"/>
        <Attr Name="UsedIn" Val="simulation"/>
        <Attr Name="ProcessingOrder" Val="EARLY"/>
      </FileInfo>
    </File>
    <Config>
      <Option Name="TopModule" Val="Zynq_Design_rst_ps8_0_100M_0"/>
      <Option Name="UseBlackboxStub" Val="1"/>
    </Config>
  </FileSet>
  <FileSet Name="constrs_in" Type="BlockSrcs" RelSrcDir="$PSRCDIR/Zynq_Design_rst_ps8_0_100M_0">
    <File Path="$PSRCDIR/sources_1/bd/Zynq_Design/ip/Zynq_Design_rst_ps8_0_100M_0/Zynq_Design_rst_ps8_0_100M_0.xci">
      <FileInfo>
        <Attr Name="Library" Val="xil_defaultlib"/>
        <Attr Name="ImportPath" Val="$PPRDIR/../../../../../../../hls_gemm_vivado_clrC_big2/hls_gemm_vivado_clrC_big2.srcs/sources_1/bd/Zynq_Design/ip/Zynq_Design_rst_ps8_0_100M_0/Zynq_Design_rst_ps8_0_100M_0.xci"/>
        <Attr Name="ImportTime" Val="0"/>
        <Attr Name="UsedIn" Val="synthesis"/>
        <Attr Name="UsedIn" Val="implementation"/>
        <Attr Name="UsedIn" Val="simulation"/>
        <Attr Name="ProcessingOrder" Val="EARLY"/>
      </FileInfo>
    </File>
    <Config>
      <Option Name="TopModule" Val="Zynq_Design_rst_ps8_0_100M_0"/>
      <Option Name="UseBlackboxStub" Val="1"/>
    </Config>
  </FileSet>
  <FileSet Name="utils" Type="Utils" RelSrcDir="$PSRCDIR/utils_1">
    <Filter Type="Utils"/>
    <Config>
      <Option Name="TopAutoSet" Val="TRUE"/>
    </Config>
  </FileSet>
  <Strategy Version="1" Minor="2">
    <StratHandle Name="Vivado Synthesis Defaults" Flow="Vivado Synthesis 2018"/>
    <Step Id="synth_design"/>
  </Strategy>
</GenRun>
